,Match No,Date,Group/Semi Final/Final,Match Between,Venue,Winning Team Score,Losing Team Score,Losing Team,Winner Team,Result,Player Of The Match
0,1,11-09-07,Group A,South Africa vs West Indies,"The Wanderers Stadium, Johannesburg",208/2(17.4 overs),205/6(20 overs), West Indies,South Africa,South Africa won by 8 wickets,Chris Gayle
1,2,10-09-07,Group C,Kenya vs New Zealand,"Kingsmead, Durban",74/1(7.4 overs),73(16.5 overs),Kenya,New Zealand,New Zealand won by 9 wickets,Mark Gillespie
2,3,12-09-07,Group D,Pakistan vs Scotland,"Kingsmead, Durban",171/9(20 overs),120(19.5 overs),Scotland,Pakistan,Pakistan won by 51 runs,Shahid Afridi
3,4,12-09-07,Group B,Australia vs Zimbabwe,"Newlands, Cape Town",139/5(19.5 overs),138/9(20 overs), Australia,Zimbabwe,Zimbabwe won by 5 wickets,Brendan Taylor
4,5,13-09-07,Group A,Bangladesh vs West Indies,"The Wanderers Stadium, Johannesburg",165/4(18 overs),164/8(20 overs),West Indies,Bangladesh,Bangladesh won by 6 wickets,Mohammad Ashraful
5,6,13-09-07,Group B,England vs Zimbabwe,"Newlands, Cape Town",188/9(20 overs),138/7(20 overs),Zimbabwe ,England,England won by 50 runs,Kevin Pietersen
7,8,14-09-07,Group C,Kenya vs Sri Lanka,"The Wanderers Stadium, Johannesburg",260/6(20 overs),88(19.3 overs), Kenya,Sri Lanka,Sri Lanka won by 172 runs,Sath Jayasuriya
8,9,14-09-07,Group B,Australia vs England,"Newlands, Cape Town",136/2(14.5 overs),135(20 overs),England,Australia,Australia won by 8 wickets,than Bracken
9,10,14-09-07,Group D,India vs Pakistan,"Kingsmead, Durban",141/9(20 overs),141/7(20 overs),Pakistan,India,Match tied (India won the bowl-out),Mohammad Asif
10,11,15-09-07,Group C,New Zealand vs Sri Lanka,"The Wanderers Stadium, Johannesburg",168/3(18.5 overs),164/7(20 overs), New Zealand,Sri Lanka,Sri Lanka won by 7 wickets,Sath Jayasuriya
11,12,15-09-07,Group A,South Africa vs Bangladesh,"Newlands, Cape Town",146/3(18.5 overs),144(19.3 overs),Bangladesh,South Africa,South Africa won by 7 wickets,Morne Morkel
12,13,16-09-07,Group E,India vs New Zealand,"The Wanderers Stadium, Johannesburg",190(20 overs),180/9(20 overs),India,New Zealand,New Zealand won by 10 runs,Daniel Vettori
13,14,16-09-07,Group F,Australia vs Bangladesh,"Newlands, Cape Town",124/1(13.5 overs),123/8(20 overs), Bangladesh,Australia,Australia won by 9 wickets,Brett Lee
14,15,16-09-07,Group E,South Africa vs England,"Newlands, Cape Town",154/8(20 overs),135/7(20 overs), England,South Africa,South Africa won by 19 runs,Albie Morkel
15,16,17-09-07,Group F,Pakistan vs Sri Lanka,"The Wanderers Stadium, Johannesburg",189/6(20 overs),156/9(20 overs), Sri Lanka,Pakistan,Pakistan won by 33 runs,Younis Khan
16,17,18-09-07,Group E,England vs New Zealand,"Kingsmead, Durban",164/9(20 overs),159/8(20 overs),England ,New Zealand,New Zealand won by 5 runs,Craig McMillan
17,18,18-09-07,Group F,Australia vs Pakistan,"The Wanderers Stadium, Johannesburg",165/4(19.1 overs),164/7(20 overs),Australia ,Pakistan,Pakistan won by 6 wickets,Misbah-ul-Haq
18,19,18-09-07,Group F,Bangladesh vs Sri Lanka,"The Wanderers Stadium, Johannesburg",147/5(20 overs),83(15.5 overs),Bangladesh ,Sri Lanka,Sri Lanka won by 64 runs,Dilhara Ferndo
19,20,19-09-07,Group E,South Africa vs New Zealand,"Kingsmead, Durban",158/4(19.1 overs),153/8(20 overs),South Africa ,South Africa,South Africa won by 6 wickets,Justin Kemp
20,21,19-09-07,Group E,England vs India,"Kingsmead, Durban",218/4(20 overs),200/6(20 overs),England ,India,India won by 18 runs,Yuvraj Singh
21,22,20-09-07,Group F,Australia vs Sri Lanka,"Newlands, Cape Town",102/0(10.2 overs),101(19.3 overs), Sri Lanka,Australia,Australia won by 10 wickets,Stuart Clark
22,23,20-09-07,Group F,Bangladesh vs Pakistan,"Newlands, Cape Town",141/6(19 overs),140(19.4 overs),Bangladesh ,Pakistan,Pakistan won by 4 wickets,Juid Siddique
23,24,20-09-07,Group E,South Africa vs India,"Kingsmead, Durban",153/5(20 overs),116/9(20 overs),South Africa,India,India won by 37 runs,Rohit Sharma
24,25,22-09-07,1st Semi Final,New Zealand vs Pakistan,"Newlands, Cape Town",147/4(18.5 overs),143/8(20 overs),New Zealand ,Pakistan,Pakistan won by 6 wickets,Umar Gul
25,26,22-09-07,2nd Semi Final,Australia vs India,"Kingsmead, Durban",188/5(20 overs),173/7(20 overs),Australia,India,India won by 15 runs,Yuvraj Singh
26,27,24-09-07,Final,India vs Pakistan,"The Wanderers Stadium, Johannesburg",157/5(20 overs),152(19.3 overs), Pakistan,India,India won by 5 runs,Irfan Pathan
27,1,06-05-09,Group B,England vs Netherlands,"Lord's, London",163/6(20 overs),162/5(20 overs),England,Netherlands,Netherlands won by 4 wickets,Tom de Grooth
28,2,06-06-09,Group D,New Zealand vs Scotland,"Kennington Oval, London",90/3(6 overs),89/4(7 overs), Scotland,New Zealand,New Zealand won by 7 wickets,Ian Butler
29,3,06-06-09,Group C,Australia vs West Indies,"Kennington Oval, London",172/3(15.5 overs),169/7(20 overs),Australia,West Indies,West Indies won by 7 wickets,Chris Gayle
30,4,06-06-09,Group A,Bangladesh vs India,"Trent Bridge, Nottingham",180/5(20 overs),155/8(20 overs),Bangladesh,India,India won by 25 runs,Pragyan Ojha
31,5,06-07-09,Group D,Scotland vs South Africa,"Kennington Oval, London",211/5(20 overs),81(15.4 overs),Scotland ,South Africa,South Africa won by 130 runs,AB de Villiers
32,6,06-07-09,Group B,England vs Pakistan,"Kennington Oval, London",185/5(20 overs),137/7(20 overs), Pakistan,England,England won by 48 runs,Luke Wright
33,7,06-08-09,Group A,Bangladesh vs Ireland,"Trent Bridge, Nottingham",138/4(18.2 overs),137/8(20 overs),Bangladesh,Ireland,Ireland won by 6 wickets,Niall O Brien
34,8,06-08-09,Group C,Australia vs Sri Lanka,"Trent Bridge, Nottingham",160/4(19 overs),159/9(20 overs),Australia ,Sri Lanka,Sri Lanka won by 6 wickets,Kumar Sangakkara
35,9,06-09-09,Group B,Netherlands vs Pakistan,"Lord's, London",175/5(20 overs),93(17.3 overs),Netherlands ,Pakistan,Pakistan won by 82 runs,Kamran Akmal
36,10,06-09-09,Group D,New Zealand vs South Africa,"Lord's, London",128/7(20 overs),127/5(20 overs),New Zealand ,South Africa,South Africa won by 1 run,Roelof van der Merwe
37,11,06-10-09,Group C,Sri Lanka vs West Indies,"Trent Bridge, Nottingham",192/5(20 overs),177/5(20 overs), West Indies,Sri Lanka,Sri Lanka won by 15 runs,Sath Jayasuriya
38,12,06-10-09,Group A,India vs Ireland,"Trent Bridge, Nottingham",113/2(15.3 overs),112/8(18 overs), Ireland,India,India won by 8 wickets,Zaheer Khan
39,13,06-11-09,Group F,Ireland vs New Zealand,"Trent Bridge, Nottingham",198/5(20 overs),115(16.4 overs),Ireland,New Zealand,New Zealand won by 83 runs,Aaron Redmond
40,14,06-11-09,Group E,England vs South Africa,"Trent Bridge, Nottingham",114/3(18.2 overs),111(19.5 overs),England ,South Africa,South Africa won by 7 wickets,Jacques Kallis
41,15,06-12-09,Group F,Pakistan vs Sri Lanka,"Lord's, London",150/7(20 overs),131/9(20 overs),Pakistan,Sri Lanka,Sri Lanka won by 19 runs,Tillakaratne Dilshan
42,16,06-12-09,Group E,India vs West Indies,"Lord's, London",156/3(18.4 overs),153/7(20 overs),India,West Indies,West Indies won by 7 wickets,Dwayne Bravo
43,17,13-06-09,Group E,South Africa vs West Indies,"Kennington Oval, London",183/7(20 overs),163/9(20 overs),West Indies,South Africa,South Africa won by 20 runs,Wayne Parnell
44,18,13-06-09,Group F,New Zealand vs Pakistan,"Kennington Oval, London",100/4(13.1 overs),99(18.3 overs),New Zealand ,Pakistan,Pakistan won by 6 wickets,Umar Gul
45,19,14-06-09,Group F,Ireland vs Sri Lanka,"Lord's, London",144/9(20 overs),135/7(20 overs),Ireland ,Sri Lanka,Sri Lanka won by 9 runs,Mahela Jayawardene
46,20,14-06-09,Group E,England vs India,"Lord's, London",153/7(20 overs),150/5(20 overs), India,England,England won by 3 runs,Ryan Jay Sidebottom
47,21,15-06-09,Group F,Ireland vs Pakistan,"Kennington Oval, London",159/5(20 overs),120/9(20 overs),Ireland,Pakistan,Pakistan won by 39 runs,Kamran Akmal
48,22,15-06-09,Group E,England vs West Indies,"Kennington Oval, London",82/5(8.2 overs),161/6(20 overs),England,West Indies,West Indies won by 5 wickets(D/L method),Ramresh Sarwan
49,23,16-06-09,Group F,New Zealand vs Sri Lanka,"Trent Bridge, Nottingham",158/5(20 overs),110(17 overs),New Zealand,Sri Lanka,Sri Lanka won by 48 runs,Ajantha Mendis
50,24,16-06-09,Group E,India vs South Africa,"Trent Bridge, Nottingham",130/5(20 overs),118/8(20 overs),India ,South Africa,South Africa won by 12 runs,AB de Villiers
51,25,18-06-09,1st Semi Final,Pakistan vs South Africa,"Trent Bridge, Nottingham",149/4(20 overs),142/5(20 overs), South Africa,Pakistan,Pakistan won by 7 runs,Shahid Afridi
52,26,19-06-09,2nd Semi Final,Sri Lanka vs West Indies,"Kennington Oval, London",158/5(20 overs),101(17.4 overs),West Indies,Sri Lanka,Sri Lanka won by 57 runs,Tillakaratne Dilshan
53,27,21-06-09,Final,Pakistan vs Sri Lanka,"Lord's, London",138/6(20 overs),139/2(18.4 overs),Sri Lanka,Pakistan,Pakistan won by 8 wickets,Shahid Afridi
54,1,30-04-10,Group B,New Zealand vs Sri Lanka,"Providence Stadium, Guya",139/8(19.5 overs),135/6(20 overs), Sri Lanka,New Zealand,New Zealand won by 2 wickets,than McCullum
55,2,30-04-10,Group D,West Indies vs Ireland,"Providence Stadium, Guya",138/9(20 overs),68(16.4 overs), Ireland,West Indies,West Indies won by 70 runs,Daren Sammy
56,3,05-01-10,Group C,Afghanistan vs India,"Daren Sammy NationalCricket Stadium, Gros Islet, St Lucia",116/3(14.5 overs),115/8(20 overs),Afghanistan ,India,India won by 7 wickets,Ashish Nehra
57,4,05-01-10,Group A,Bangladesh vs Pakistan,"Daren Sammy NationalCricket Stadium, Gros Islet, St Lucia",172/3(20 overs),151/7(20 overs),Bangladesh ,Pakistan,Pakistan won by 21 runs,Salman Butt
58,5,05-02-10,Group C,India vs South Africa,"Daren Sammy NationalCricket Stadium, Gros Islet, St Lucia",186/5(20 overs),172/5(20 overs), South Africa,India,India won by 14 runs,Suresh Rai
59,6,05-02-10,Group A,Australia vs Pakistan,"Daren Sammy NationalCricket Stadium, Gros Islet, St Lucia",191(20 overs),157(20 overs), Pakistan,Australia,Australia won by 34 runs,Shane Watson
60,7,05-03-10,Group B,Sri Lanka vs Zimbabwe,"Providence Stadium, Guya",173/7(20 overs),29/1(5 overs), Zimbabwe,Sri Lanka,Sri Lanka won by 14 runs (D/L method),Mahela Jayawardene
61,8,05-03-10,Group D,West Indies vs England,"Providence Stadium, Guya",60/2(5.5 overs),191/5(20 overs),England,West Indies,West Indies won by 8 wickets (D/L method),Daren Sammy
62,9,05-04-10,Group B,New Zealand vs Zimbabwe,"Providence Stadium, Guya",36/1(8.1 overs),84(15.1 overs), Zimbabwe,New Zealand,New Zealand won by 7 runs (D/L method),than McCullum
64,11,05-05-10,Group A,Australia vs Bangladesh,"Kensington Oval, Bridgetown, Barbados",141/7(20 overs),114(18.4 overs), Bangladesh,Australia,Australia won by 27 runs,Michael Hussey
65,12,05-05-10,Group C,Afghanistan vs South Africa,"Kensington Oval, Bridgetown, Barbados",139/7(20 overs),80(16 overs), Afghanistan,South Africa,South Africa won by 59 runs,Morne Morkel
66,13,05-06-10,Group E,England vs Pakistan,"Kensington Oval, Bridgetown, Barbados",151/4(19.3 overs),147/9(20 overs),Pakistan,England,England won by 6 wickets,Kevin Pietersen
67,14,05-06-10,Group E,New Zealand vs South Africa,"Kensington Oval, Bridgetown, Barbados",170/4(20 overs),157/7(20 overs),New Zealand ,South Africa,South Africa won by 13 runs,Albie Morkel
68,15,05-07-10,Group F,Australia vs India,"Kensington Oval, Bridgetown, Barbados",184/5(20 overs),135(17.4 overs), India,Australia,Australia won by 49 runs,David Warner
69,16,05-07-10,Group F,West Indies vs Sri Lanka,"Kensington Oval, Bridgetown, Barbados",195/3(20 overs),138/8(20 overs),West Indies,Sri Lanka,Sri Lanka won by 57 runs,Mahela Jayawardene
70,17,05-08-10,Group E,New Zealand vs Pakistan,"Kensington Oval, Bridgetown, Barbados",133/7(20 overs),132/7(20 overs), Pakistan,New Zealand,New Zealand won by 1 run,Ian Butler
71,18,05-08-10,Group E,England vs South Africa,"Kensington Oval, Bridgetown, Barbados",168/7(20 overs),129(19 overs),South Africa,England,England won by 39 runs,Kevin Pietersen
72,19,05-09-10,Group F,West Indies vs India,"Kensington Oval, Bridgetown, Barbados",169/6(20 overs),155/9(20 overs), India,West Indies,West Indies won by 14 runs,Chris Gayle
73,20,05-09-10,Group F,Australia vs Sri Lanka,"Kensington Oval, Bridgetown, Barbados",168/5(20 overs),87(16.2 overs), Sri Lanka,Australia,Australia won by 81 runs,Cameron White
74,21,05-10-10,Group E,Pakistan vs South Africa,"Daren Sammy NationalCricket Stadium, Gros Islet, St Lucia",148/7(20 overs),137/7(20 overs),South Africa,Pakistan,Pakistan won by 11 runs,Umar Akmal
75,22,05-10-10,Group E,England vs New Zealand,"Daren Sammy NationalCricket Stadium, Gros Islet, St Lucia",153/7(19.1 overs),149/6(20 overs), New Zealand,England,England won by 3 wickets,Tim Bresn
76,23,05-11-10,Group F,India vs Sri Lanka,"Daren Sammy NationalCricket Stadium, Gros Islet, St Lucia",167/5(20 overs),163/5(20 overs),India ,Sri Lanka,Sri Lanka won by 5 wickets,Angelo Mathews
77,24,05-11-10,Group F,West Indies vs Australia,"Daren Sammy NationalCricket Stadium, Gros Islet, St Lucia",109/4(16.2 overs),105(19 overs), Australia,Australia,Australia won by 6 wickets,Steven Smith
78,25,13-05-10,1st Semi Final,England vs Sri Lanka,"Daren Sammy NationalCricket Stadium, Gros Islet, St Lucia",132/3(16 overs),128/6(20 overs), Sri Lanka,England,England won by 7 wickets,Stuart Broad
79,26,14-05-10,2nd Semi Final,Australia vs Pakistan,"Daren Sammy NationalCricket Stadium, Gros Islet, St Lucia",197/7(19.5 overs),191/6(20 overs), Pakistan,Australia,Australia won by 3 wickets,Michael Hussey
80,27,16-05-10,Final,Australia vs England,"Kensington Oval, Bridgetown, Barbados",148/3(17 overs),147/6(20 overs),Australia ,England,England won by 7 wickets,Craig Kieswetter
81,1,18-09-12,Group C,Sri Lanka vs Zimbabwe,"Mahinda Rajapaksa InterNationalStadium, Hambantota",182/4(20 overs),100(17.3 overs), Zimbabwe,Sri Lanka,Sri Lanka won by 82 runs,Ajantha Mendis
82,2,19-09-12,Group B,Australia vs Ireland,"R.Premadasa Stadium, Colombo",125/3(15.1 overs),123/7(20 overs), Ireland,Australia,Australia won by 7 wickets,Shane Watson
83,3,19-09-12,Group A,India vs Afghanistan,"R.Premadasa Stadium, Colombo",159/5(20 overs),136(19.3 overs), Afghanistan,India,India won by 23 runs,Virat Kohli
84,4,20-09-12,Group C,South Africa vs Zimbabwe,"Mahinda Rajapaksa InterNationalStadium, Hambantota",94/0(12.4 overs),93/8(20 overs), Zimbabwe,South Africa,South Africa won by 10 wickets,Jacques Kallis
85,5,21-09-12,Group D,Bangladesh vs New Zealand,"Pallekele InterNationalCricket Stadium, Pallekele",191/3(20 overs),132/8(20 overs),Bangladesh ,New Zealand,New Zealand won by 59 runs,Brendon McCullum
86,6,21-09-12,Group A,England vs Afghanistan,"R.Premadasa Stadium, Colombo",196/5(20 overs),80(17.2 overs), Afghanistan,England,England won by 116 runs,Luke Wright
87,7,22-09-12,Group C,Sri Lanka vs South Africa,"Mahinda Rajapaksa InterNationalStadium, Hambantota",78/4(7 overs),46/5(7 overs),Sri Lanka ,South Africa,South Africa won by 32 runs,AB de Villiers
88,8,22-09-12,Group B,Australia vs West Indies,"R.Premadasa Stadium, Colombo",100/1(9.1 overs),191/8(20 overs), West Indies,Australia,Australia won by 17 runs (D/L method),Shane Watson
89,9,23-09-12,Group D,New Zealand vs Pakistan,"Pallekele InterNationalCricket Stadium, Pallekele",177/6(20 overs),164/9(20 overs),New Zealand ,Pakistan,Pakistan won by 13 runs,sir Jamshed
90,10,23-09-12,Group A,England vs India,"R.Premadasa Stadium, Colombo",170/4(20 overs),80(14.4 overs),India,India,India won by 90 runs,Harbhajan Singh
92,12,25-09-12,Group D,Bangladesh vs Pakistan,"Pallekele InterNationalCricket Stadium, Pallekele",178/2(18.4 overs),175/6(20 overs),Bangladesh ,Pakistan,Pakistan won by 8 wickets,Imran zir
93,13,27-09-12,Super Eights Group 1(C1vsD2),Sri Lanka vs New Zealand,"Pallekele InterNationalCricket Stadium, Pallekele",174/6(20 overs),174/6(20 overs), New Zealand,Sri Lanka,Sri Lanka won the one-over elimitor,Tillakaratne Dilshan
94,14,27-09-12,Super Eights Group 1(A1vsB2),England vs West Indies,"Pallekele InterNationalCricket Stadium, Pallekele",179/5(20 overs),164/4(20 overs),England ,West Indies,West Indies won by 15 runs,Johnson Charles
95,15,28-09-12,Super Eights Group 2(D1vsC2),Pakistan vs South Africa,"R.Premadasa Stadium, Colombo",136/8(19.4 overs),133/6(20 overs),South Africa,Pakistan,Pakistan won by 2 wickets,Umar Gul
96,16,28-09-12,Super Eights Group 2(B1vsA2),Australia vs India,"R.Premadasa Stadium, Colombo",141/1(14.5 overs),140/7(20 overs),India,Australia,Australia won by 9 wickets,Shane Watson
97,17,29-09-12,Super Eights,England vs New Zealand,"Pallekele InterNationalCricket Stadium, Pallekele",149/4(18.5 overs),148/6(20 overs),New Zealand,England,England won by 6 wickets,Luke Wright
98,18,29-09-12,Super Eights,Sri Lanka vs West Indies,"Pallekele InterNationalCricket Stadium, Pallekele",130/1(15.2 overs),129/5(20 overs), West Indies,Sri Lanka,Sri Lanka won by 9 wickets,Mahela Jayawardene
99,19,30-09-12,Super Eights,Australia vs South Africa,"R.Premadasa Stadium, Colombo",147/2(17.4 overs),146/5(20 overs),South Africa,Australia,Australia won by 8 wickets,Shane Watson
100,20,30-09-12,Super Eights,Pakistan vs India,"R.Premadasa Stadium, Colombo",129/2(17 overs),128(19.4 overs),Pakistan ,India,India won by 8 wickets,Virat Kohli
101,21,10-01-12,Super Eights,West Indies vs New Zealand,"Pallekele InterNationalCricket Stadium, Pallekele",139(19.3 overs),139/7(20 overs),New Zealand,West Indies,West Indies won the one-over elimitor,Sunil rine
102,22,10-01-12,Super Eights,Sri Lanka vs England,"Pallekele InterNationalCricket Stadium, Pallekele",169/6(20 overs),150/9(20 overs), England,Sri Lanka,Sri Lanka won by 19 runs,Lasith Malinga
103,23,10-02-12,Super Eights,Australia vs Pakistan,"R.Premadasa Stadium, Colombo",149/6(20 overs),117/7(20 overs),Australia ,Pakistan,Pakistan won by 32 runs,Raza Hasan
104,24,10-02-12,Super Eights,India vs South Africa,"R.Premadasa Stadium, Colombo",152/6(20 overs),151(19.5 overs), South Africa,India,India won by 1 run,Yuvraj Singh
105,25,10-04-12,1st Semi Final,Sri Lanka vs Pakistan,"R.Premadasa Stadium, Colombo",139/4(20 overs),123/7(20 overs), Pakistan,Sri Lanka,Sri Lanka won by 16 runs,Mahela Jayawardene
106,26,10-05-12,2nd Semi Final,Australia vs West Indies,"R.Premadasa Stadium, Colombo",205/4(20 overs),131(16.4 overs),Australia,West Indies,West Indies won by 74 runs,Chris Gayle
107,27,10-07-12,Final,Sri Lanka vs West Indies,"R.Premadasa Stadium, Colombo",137/6(20 overs,101(18.4 overs),Sri Lanka ,West Indies,West Indies won by 36 runs,Marlon Samuels
108,1,16-03-14,Group A,Bangladesh vs Afghanistan,"Shere Bangla NationalStadium, Dhaka",78/1(12 overs),72(17.1 overs),Afghanistan,Bangladesh,Bangladesh won by 9 wickets,Shakib Al Hasan
109,2,16-03-14,Group A,Hong Kong vs Nepal,"Zahur Ahmed Chowdhury Stadium, Chattogram",149/8(20 overs),69(17 overs),Hong Kong ,Nepal,Nepal won by 80 runs,Shakti Gauchan
110,3,17-03-14,Group B,Ireland vs Zimbabwe,"Sylhet InterNationalCricket Stadium, Sylhet",164/7(20 overs),163/5(20 overs), Zimbabwe,Ireland,Ireland won by 3 wickets,Paul Stirling
111,4,17-03-14,Group B,Netherlands vs UAE,"Sylhet InterNationalCricket Stadium, Sylhet",152/4(18.5 overs),151(19.5 overs), UAE,Netherlands,Netherlands won by 6 wickets,Tom Cooper
112,5,18-03-14,Group A,Afghanistan vs Hong Kong,"Zahur Ahmed Chowdhury Stadium, Chattogram",153/8(20 overs),154/3(18 overs), Hong Kong,Afghanistan,Afghanistan won by 7 wickets,Mohammad Shahzad
113,6,18-03-14,Group A,Bangladesh vs Nepal,"Zahur Ahmed Chowdhury Stadium, Chattogram",132/2(15.3 overs),126/5(20 overs),Nepal,Bangladesh,Bangladesh won by 8 wickets,Al-Amin Hossain
114,7,19-03-14,Group B,Netherlands vs Zimbabwe,"Sylhet InterNationalCricket Stadium, Sylhet",146/5(20 overs),140/5(20 overs),Netherlands ,Zimbabwe,Zimbabwe won by 5 wickets,Brendan Taylor
115,8,19-03-14,Group B,Ireland vs UAE,"Sylhet InterNationalCricket Stadium, Sylhet",103/3(14.2 overs),123/6(20 overs), UAE,Ireland,Ireland won by 21 runs (D/L method),Ed Joyce
116,9,20-03-14,Group A,Afghanistan vs NEPAL,"Zahur Ahmed Chowdhury Stadium, Chattogram",141/5(20 overs),132/8(20 overs),Afghanistan ,Nepal,Nepal won by 9 runs,Jitendra Mukhiya
117,10,20-03-14,Group A,Bangladesh vs Hong Kong,"Zahur Ahmed Chowdhury Stadium, Chattogram",114/8(19.4 overs),108(16.3 overs), Hong Kong,Hong Kong,Hong Kong won by 2 wickets,deem Ahmed
118,11,21-03-14,Group B,Zimbabwe vs UAE,"Sylhet InterNationalCricket Stadium, Sylhet",118/5(13.4 overs),116/9(20 overs), UAE,Zimbabwe,Zimbabwe won by 5 wickets,Elton Chigumbura
119,12,21-03-14,Group B,Ireland vs Netherlands,"Sylhet InterNationalCricket Stadium, Sylhet",193/4(13.5 overs),189/4(20 overs),Ireland ,Netherlands,Netherlands won by 6 wickets,Stephan Myburgh
120,13,21-03-14,Group 2,India vs Pakistan,"Shere Bangla NationalStadium, Dhaka",131/3(18.3 overs),130/7(20 overs),Pakistan,India,India won by 7 wickets,Amit Mishra
121,14,22-03-14,Group 1,South Africa vs Sri Lanka,"Zahur Ahmed Chowdhury Stadium, Chattogram",165/7(20 overs),160/8(20 overs),South Africa ,Sri Lanka,Sri Lanka won by 5 runs,Kusal Perera
122,15,22-03-14,Group 1,England vs New Zealand,"Zahur Ahmed Chowdhury Stadium, Chattogram",52/1(5.2 overs),172/6(20 overs),England ,New Zealand,New Zealand won by 9 runs (D/L Method),Corey Anderson
123,16,23-03-14,Group 2,Australia vs Pakistan,"Shere Bangla NationalStadium, Dhaka",191/5(20 overs),175(20 overs),Australia ,Pakistan,Pakistan won by 16 runs,Umar Akmal
124,17,23-03-14,Group 2,India vs West Indies,"Shere Bangla NationalStadium, Dhaka",130/3(19.4 overs),129/7(20 overs),West Indies,India,India won by 7 wickets,Amit Mishra
125,18,24-03-14,Group 1,New Zealand vs South Africa,"Zahur Ahmed Chowdhury Stadium, Chattogram",170/6(20 overs),168/8(20 overs),New Zealand ,South Africa,South Africa won by 2 runs,Jean-Paul Duminy
126,19,24-03-14,Group 1,Netherlands vs Sri Lanka,"Zahur Ahmed Chowdhury Stadium, Chattogram",40/1(5 overs),39(10.3 overs),Netherlands ,Sri Lanka,Sri Lanka won by 9 wickets,Angelo Mathews
127,20,25-03-14,Group 2,Bangladesh vs West Indies,"Shere Bangla NationalStadium, Dhaka",171/7(20 overs),98(19.1 overs),Bangladesh ,West Indies,West Indies won by 73 runs,Dwayne Smith
128,21,27-03-14,Group 1,Netherlands vs South Africa,"Zahur Ahmed Chowdhury Stadium, Chattogram",145/9(20 overs),139(18.4 overs),Netherlands,South Africa,South Africa won by 6 runs,Imran Tahir
129,22,27-03-14,Group 1,England vs Sri Lanka,"Zahur Ahmed Chowdhury Stadium, Chattogram",190/4(19.2 overs),189/4(20 overs), Sri Lanka,England,England won by 6 wickets,Alex Hales
130,23,28-03-14,Group 2,Australia vs West Indies,"Shere Bangla NationalStadium, Dhaka",179/4(19.4 overs),178/8(20 overs),Australia ,West Indies,West Indies won by 6 wickets,Daren Sammy
131,24,28-03-14,Group 2,Bangladesh vs India,"Shere Bangla NationalStadium, Dhaka",141/2(18.3 overs),138/7(20 overs),Bangladesh,India,India won by 8 wickets,Ravichandran Ashwin
132,25,29-03-14,Group 1,Netherlands vs New Zealand,"Zahur Ahmed Chowdhury Stadium, Chattogram",152/4(19 overs),151/4(20 overs),Netherlands ,New Zealand,New Zealand won by 6 wickets,Brendon McCullum
133,26,29-03-14,Group 1,England vs South Africa,"Zahur Ahmed Chowdhury Stadium, Chattogram",196/5(20 overs),193/7(20),England ,South Africa,South Africa won by 3 runs,AB de Villiers
134,27,30-03-14,Group 2,Bangladesh vs Pakistan,"Shere Bangla NationalStadium, Dhaka",190/5(20 overs),140/7(20 overs),Bangladesh ,Pakistan,Pakistan won by 50 runs,Ahmed Shehzad
135,28,30-03-14,Group 2,Australia vs India,"Shere Bangla NationalStadium, Dhaka",159/7(20 overs),86(16.2 overs),Australia ,India,India won by 73 runs,Ravichandran Ashwin
136,29,31-03-14,Group 1,England vs Netherlands,"Zahur Ahmed Chowdhury Stadium, Chattogram",133/5(20 overs),88(17.4 overs),England ,Netherlands,Netherlands won by 45 runs,Mudassar Bukhari
137,30,31-03-14,Group 1,New Zeland vs Sri Lanka,"Zahur Ahmed Chowdhury Stadium, Chattogram",119(19.2 overs),60(15.3 overs),New Zeland ,Sri Lanka,Sri Lanka won by 59 runs,Ranga Herath
138,31,04-01-14,Group 2,Bangladesh vs Australia,"Shere Bangla NationalStadium, Dhaka",158/3(17.3 overs),153/5(20 overs),Bangladesh ,Australia,Australia won by 7 wickets,Aaron Finch
139,32,04-01-14,Group 2,Pakistan vs West Indies,"Shere Bangla NationalStadium, Dhaka",166/6(20 overs),82(17.5 overs),Pakistan ,West Indies,West Indies won by 84 runs,Dwayne Bravo
140,33,04-03-14,1st Semi Final,Sri Lanka vs West Indies,"Shere Bangla NationalStadium, Dhaka",160/6(20 overs),80/4(13.5 overs), West Indies,Sri Lanka,Sri Lanka won by 27 runs (D/L method),Angelo Mathews
141,34,04-04-14,2nd Semi Final,India vs South Africa,"Shere Bangla NationalStadium, Dhaka",176/4(19.1 overs),172/4 (20), South Africa,India,India won by 6 wickets,Virat Kohli
142,35,04-06-14,Final,India vs Sri Lanka,"Shere Bangla NationalStadium, Dhaka",134/4(17.5 overs),130/4(20 overs),Sri Lanka,Sri Lanka,Sri Lanka won by 6 wickets,Kumar Sangakkara
143,1,03-08-16,Group B,Hong Kong vs Zimbabwe,"Vidarbha Cricket Association Stadium, gpur",158/8(20 overs),144/6(20 overs),Hong Kong ,Zimbabwe,Zimbabwe won by 14 runs,Vusi Sibanda
144,2,03-08-16,Group B,Afghanistan vs Scotland,"Vidarbha Cricket Association Stadium, gpur",170/5(20 overs),156/5(20 overs),Afghanistan ,Afghanistan,Afghanistan won by 14 runs,Mohammad Shahzad
145,3,03-09-16,Group A,Bangladesh vs Netherlands,"Himachal Pradesh Cricket Association Stadium, Dharamsala",153/7(20 overs),145/7(20 overs),Netherlands,Bangladesh,Bangladesh won by 8 runs,Tamim Iqbal
146,4,03-09-16,Group A,Ireland vs Oman,"Himachal Pradesh Cricket Association Stadium, Dharamsala",157/8(19.4 overs),154/5(20 overs),Oman,Oman,Oman won by 2 wickets,Amir Ali
147,5,03-10-16,Group B,SCotland vs Zimbabwe,"Vidarbha Cricket Association Stadium, gpur",147/7(20 overs),136(19.4 overs),Scotland ,Zimbabwe,Zimbabwe won by 11 runs,Wellington Masakadza
148,6,03-10-16,Group B,Afghanistan vs Hong Kong,"Vidarbha Cricket Association Stadium, gpur",119/4(18 overs),116/6(20 overs),Hong Kong,Afghanistan,Afghanistan won by 6 wickets,Mohammad bi
151,9,03-12-16,Group B,Afghanistan vs Zimbabwe,"Vidarbha Cricket Association Stadium, gpur",186/6(20 overs),127(19.4 overs),Zimbabwe,Afghanistan,Afghanistan won by 59 runs,Mohammad bi
152,10,03-12-16,Group B,Hong Kong vs Scotland,"Vidarbha Cricket Association Stadium, gpur",127/7(20 overs),78/2(8 overs),Hong Kong ,Scotland,Scotland won by 8 wickets(DLS method),Matt Machan
153,11,13-03-16,Group A,Ireland vs Netherlands,"Himachal Pradesh Cricket Association Stadium, Dharamsala",59/5(6 overs),47/7(6 overs),Ireland ,Netherlands,Netherlands won by 12 runs,Paul van Meekeren
154,12,13-03-16,Group A,Bangladesh vs Oman,"Himachal Pradesh Cricket Association Stadium, Dharamsala",180/2(20 overs),65/9(12 overs), Oman,Bangladesh,Bangladesh won by 54 runs (DLS method),Tamim Iqbal
155,13,15-03-16,Super 10 Group 2,India vs New Zealand,"Vidarbha Cricket Association Stadium, gpur",126/7(20 overs),79(18.1 overs), New Zealand,New Zealand,New Zealand won by 47 runs,Mitchell Santner
156,14,16-03-16,Super 10 Group 2,Pakistan vs Bangladesh,"Eden Gardens, Kolkata",201/5(20 overs),146/6(20 overs), Bangladesh,Pakistan,Pakistan won by 55 runs,Shahid Afridi
157,15,16-03-16,Super 10 Group 1,England vs West Indies,"Wankhede Stadium, Mumbai",183/4(18.1 overs),182/6(20 overs),England ,West Indies,West Indies won by 6 wickets,Chris Gayle
158,16,17-03-16,Super 10 Group 1,Sri Lanka vs Afghanistan,"Eden Gardens, Kolkata",155/4(18.5 overs),153/7(20 overs), Afghanistan,Sri Lanka,Sri Lanka won by 6 wickets,Tillakaratne Dilshan
159,17,18-03-16,Super 10 Group 2,Australia vs New Zealand,"Himachal Pradesh Cricket Association Stadium, Dharamsala",142/8(20 overs),134/9(20 overs),Australia ,New Zealand,New Zealand won by 8 runs,Mitchell McCleghan
160,18,18-03-16,Super 10 Group 1,England vs South Africa,"Wankhede Stadium, Mumbai",230/8(19.4 overs),229/4(20 overs), South Africa,England,England won by 2 wickets,Joe Root
161,19,19-03-16,Super 10 Group 2,India vs Pakistan,"Eden Gardens, Kolkata",119/4(15.5 overs),118/5(18 overs), Pakistan,India,India won by 6 wickets,Virat Kohli
162,20,20-03-16,Super 10 Group 1,South Africa vs Afghanistan,"Wankhede Stadium, Mumbai",209/5(20 overs),172(20 overs), Afghanistan,South Africa,South Africa won by 37 runs,Chris Morris
163,21,20-03-16,Super 10 Group 1,Sri Lanka vs West Indies,"M.Chinswamy Stadium, Bengaluru",127/3(18.2 overs),122/9(20 overs),Sri Lanka ,West Indies,West Indies won by 7 wickets,Andre Fletcher
164,22,21-03-16,Super 10 Group 2,Australia vs Bangladesh,"M.Chinswamy Stadium, Bengaluru",157/7(18.3 overs),156/5(20 overs), Bangladesh,Australia,Australia won by 3 wickets,Adam Zampa
165,23,22-03-16,Super 10 Group 2,New Zealand vs Pakistan,"Punjab Cricket Association IS Bindra Stadium, Mohali",180/5(20 overs),158/5(20 overs), Pakistan,New Zealand,New Zealand won by 22 runs,Martin Guptill
166,24,23-03-16,Super 10 Group 1,England vs Afghanistan,"Arun Jaitley Stadium, Delhi",142/7(20 overs),127/9(20 overs), Afghanistan,England,England won by 15 runs,Moeen Ali
167,25,23-03-16,Super 10 Group 2,India vs Bangladesh,"M.Chinswamy Stadium, Bengaluru",146/7(20 overs),145/9(20 overs), Bangladesh,India,India won by 1 run,Ravichandran Ashwin
168,26,25-03-16,Super 10 Group 2,Australia vs Pakistan,"Punjab Cricket Association IS Bindra Stadium, Mohali",193/4(20 overs),172/8(20 overs), Pakistan,Australia,Australia won by 21 runs,James Faulkner
169,27,25-03-16,Super 10 Group 1,South Africa vs West Indies,"Vidarbha Cricket Association Stadium, gpur",123/7(19.4 overs),122/8(20 overs),South Africa ,West Indies,West Indies won by 3 wickets,Marlon Samuels
170,28,26-03-16,Super 10 Group 2,New Zealand vs Bangladesh,"Eden Gardens, Kolkata",145/8(20 overs),70(15.4 overs), Bangladesh,New Zealand,New Zealand won by 75 runs,Kane Williamson
171,29,26-03-16,Super 10 Group 1,England vs Sri Lanka,"Arun Jaitley Stadium, Delhi",171/4(20 overs),161/8(20 overs), Sri Lanka,England,England won by 10 runs,Jos Buttler
172,30,27-03-16,Super 10 Group 1,West Indies vs Afghanistan,"Vidarbha Cricket Association Stadium, gpur",123/7(20 overs),117/8(20 overs), Afghanistan,Afghanistan,Afghanistan won by 6 runs,jibullah Zadran
173,31,27-03-16,Super 10 Group 2,India vs Australia,"Punjab Cricket Association IS Bindra Stadium, Mohali",161/4(19.1 overs),160/6(20 overs),Australia,India,India won by 6 wickets,Virat Kohli
174,32,28-03-16,Super 10 Group 1,South Africa vs Sri Lanka,"Arun Jaitley Stadium, Delhi",122/2(17.4 overs),120(19.3 overs),Sri Lanka,South Africa,South Africa won by 8 wickets,Aaron Phangiso
175,33,30-03-16,1st Semi Final,England vs New Zealand,"Arun Jaitley Stadium, Delhi",159/3(17.1 overs),153/8(20 overs), New Zealand,England,England won by 7 wickets,Jason Roy
176,34,31-03-16,2nd Semi Final,West Indies vs India,"Wankhede Stadium, Mumbai",196/3(19.4 overs),192/2(20 overs), India,West Indies,West Indies won by 7 wickets,Lendl Simmons
177,35,04-03-16,Final,England vs West Indies,"Eden Gardens, Kolkata",161/6(19.4 overs),155/9(20 overs),England ,West Indies,West Indies won by 4 wickets,Marlon Samuels
178,1,17-10-21,Group B,Oman vs Papua New Guinea,"Al Amerat Cricket Ground (Ministry Turf 1), Al Amerat",131/0(13.4 overs),129/9(20 overs), Papua New Guinea,Oman,Oman won by 10 wickets,Zeeshan Maqsood
179,2,17-10-21,Group B,Bangladesh vs Scotland,"Al Amerat Cricket Ground (Ministry Turf 1), Al Amerat",140/9(20 overs),134/7(20 overs), Scotland,Scotland,Scotland won by 6 runs,Chris Greaves
180,3,18-10-21,Group A,Ireland vs Netherands,"Sheikh Zayed Stadium, Abu Dhabi",107/3(15.1 overs),106(20 overs), Netherands,Ireland,Ireland won by 7 wickets,Curtis Campher
181,4,18-10-21,Group A,Sri Lanka vs Namibia,"Sheikh Zayed Stadium, Abu Dhabi",100/3(13.3 overs),96(19.3 overs), Namibia,Sri Lanka,Sri Lanka won by 7 wickets,Maheesh Theeksha
182,5,19-10-21,Group B,Scotland vs Papua New Guinea,"Al Amerat Cricket Ground (Ministry Turf 1), Al Amerat",165/9(20 overs),148(19.3 overs), Papua New Guinea,Scotland,Scotland won by 17 runs,Richie Berrington
183,6,19-10-21,Group B,Oman vs Bangladesh,"Al Amerat Cricket Ground (Ministry Turf 1), Al Amerat",153(20 overs),127/9(20 overs),Oman ,Bangladesh,Bangladesh won by 26 runs,Shakib Al Hasan
184,7,20-10-21,Group A,Namibia vs Netherlands,"Sheikh Zayed Stadium, Abu Dhabi",166/4(19 overs),164/4(20 overs), Netherlands,Namibia,Namibia won by 6 wickets,David Wiese
185,8,20-10-21,Group A,Sri Lanka vs Ireland,"Sheikh Zayed Stadium, Abu Dhabi",171/7(20 overs),101(18.3 overs), Ireland,Sri Lanka,Sri Lanka won by 70 runs,Wanindu Hasaranga
186,9,21-10-21,Group B,Bangladesh vs Papua New Guinea,"Al Amerat Cricket Ground (Ministry Turf 1), Al Amerat",181/7(20 overs),97(19.3 overs),Papua New Guinea,Bangladesh,Bangladesh won by 84 runs,Shakib Al Hasan
187,10,21-10-21,Group B,Oman vs Scotland,"Al Amerat Cricket Ground (Ministry Turf 1), Al Amerat",123/2(17 overs),122(20 overs),Oman ,Scotland,Scotland won by 8 wickets,Josh Davey
188,11,22-10-21,Group A,Namibia vs Ireland,"Sharjah Cricket Stadium, Sharjah",126/2(18.3 overs),125/8(20 overs), Ireland,Namibia,Namibia won by 8 wickets,David Wiese
189,12,22-10-21,Group A,Sri Lanka vs Netherlands,"Sharjah Cricket Stadium, Sharjah",45/2(7.1 overs),44(10 overs), Netherlands,Sri Lanka,Sri Lanka won by 8 wickets,Lahiru Kumara
190,13,23-10-21,Super 12 Group 1,Australia vs South Africa,"Sheikh Zayed Stadium, Abu Dhabi",121/5(19.4 overs),118/9(20 overs), South Africa,Australia,Australia won by 5 wickets,Josh Hazlewood
191,14,23-10-21,Super 12 Group 1,England vs West Indies,"Dubai InterNationalCricket Stadium, Dubai",56/4(8.2 overs),55(14.2 overs),West Indies,England,England won by 6 wickets,Moeen Ali
192,15,24-10-21,Super 12 Group 1,Sri Lanka vs Bangladesh,"Sharjah Cricket Stadium, Sharjah",172/5(18.5 overs),171/4(20 overs),Bangladesh,Sri Lanka,Sri Lanka won by 5 wickets,Charith Asalanka
193,16,24-10-21,Super 12 Group 2,India vs Pakistan,"Dubai InterNationalCricket Stadium, Dubai",152/0(17.5 overs),151/7(20 overs),India ,Pakistan,Pakistan won by 10 wickets,Shaheen Afridi
194,17,25-10-21,Super 12 Group 2,Afghanistan vs Scotland,"Sharjah Cricket Stadium, Sharjah",190/4(20 overs),60(10.2 overs),Scotland,Afghanistan,Afghanistan won by 130 runs,Mujeeb Ur Rahman
195,18,26-10-21,Super 12 Group 1,South Africa vs West Indies,"Dubai InterNationalCricket Stadium, Dubai",144/2(18.2 overs),143/8(20 overs),West Indies,South Africa,South Africa won by 8 wickets,Anrich Nortje
196,19,26-10-21,Super 12 Group 2,Pakistan vs New Zealand,"Sharjah Cricket Stadium, Sharjah",135/5(18.4 overs),134/8(20 overs),New Zealand,Pakistan,Pakistan won by 5 wickets,Haris Rauf
197,20,27-10-21,Super 12 Group 1,England vs Bangladesh,"Sheikh Zayed Stadium, Abu Dhabi",126/2(14.1 overs),124/9(20 overs),Bangladesh,England,England won by 8 wickets,Jason Roy
198,21,27-10-21,Super 12 Group 2,Scotland vs Namibia,"Sheikh Zayed Stadium, Abu Dhabi",115/6(19.1 overs),109/8(20 overs),Scotland,Namibia,Namibia won by 4 wickets,Ruben Trumpelmann
199,22,28-10-21,Super 12 Group 1,Australia vs Sri Lanka,"Dubai InterNationalCricket Stadium, Dubai",155/3(17 overs),154/6(20 overs),Sri Lanka,Australia,Australia won by 7 wickets,Adam Zampa
200,23,29-10-21,Super 12 Group 1,West Indies vs Bangladesh,"Sharjah Cricket Stadium, Sharjah",142/7(20 overs),139/5(20 overs),Bangladesh,West Indies,West Indies won by 3 runs,Nicholas Pooran
201,24,29-10-21,Super 12 Group 2,Afghanistan vs Pakistan,"Dubai InterNationalCricket Stadium, Dubai",148/5(19 overs),147/6(20 overs),Afghanistan,Pakistan,Pakistan won by 5 wkts,Asif Ali
202,25,30-10-21,Super 12 Group 1,South Africa vs Sri Lanka,"Sharjah Cricket Stadium, Sharjah",146/6(19.5 overs),142(20 overs),Sri Lanka,South Africa,South Africa won by 4 wickets,Tabraiz Shamsi
203,26,30-10-21,Super 12 Group 1,England vs Australia,"Dubai InterNationalCricket Stadium, Dubai",126/2(11.4 overs),125(20 overs),Australia,England,England won by 8 wickets,Chris Jordan
204,27,31-10-21,Super 12 Group 2,Afghanistan vs Namibia,"Sheikh Zayed Stadium, Abu Dhabi",160/5(20 overs),98/9(20 overs),Namibia,Afghanistan,Afghanistan won by 62 runs,veen-ul-Haq
205,28,31-10-21,Super 12 Group 2,India vs New Zealand,"Dubai InterNationalCricket Stadium, Dubai",111/2(14.3 overs),110/7(20 overs), New Zealand,New Zealand,New Zealand won by 8 wickets,Ish Sodhi
206,29,11-01-21,Super 12 Group 1,England vs Sri Lanka,"Sharjah Cricket Stadium, Sharjah",163/4(20 overs),137(19 overs),Sri Lanka,England,England won by 26 runs,Jos Buttler
207,30,11-02-21,Super 12 Group 1,South Africa vs Bangladesh,"Sheikh Zayed Stadium, Abu Dhabi",86/4(13.3 overs),84(18.2 overs),Bangladesh,South Africa,South Africa won by 6 wickets,Kagiso Rabada
208,31,11-02-21,Super 12 Group 2,Pakistan vs Namibia,"Sheikh Zayed Stadium, Abu Dhabi",189/2(20 overs),144/5(20 overs),Namibia,Pakistan,Pakistan won by 45 runs,Mohammad Rizwan
209,32,11-03-21,Super 12 Group 2,New Zealand vs Scotland,"Dubai InterNationalCricket Stadium, Dubai",172/5(20 overs),156/5(20 overs),Scotland,New Zealand,New Zealand won by 16 runs,Martin Guptill
210,33,11-03-21,Super 12 Group 2,India vs Afghanistan,"Sheikh Zayed Stadium, Abu Dhabi",210/2(20 overs),144/7(20 overs),Afghanistan,India,India won by 66 runs,Rohit Sharma
211,34,11-04-21,Super 12 Group 1,Australia vs Bangladesh,"Dubai InterNationalCricket Stadium, Dubai",78/2(6.2 overs),73(15 overs),Bangladesh,Australia,Australia won by 8 wickets,Adam Zampa
212,35,11-04-21,Super 12 Group 1,West Indies vs Sri Lanka,"Sheikh Zayed Stadium, Abu Dhabi",189/3(20 overs),169/8(20 overs),West indies,Sri Lanka,Sri Lanka won by 20 runs,Charith Asalanka
213,36,11-05-21,Super 12 Group 2,New Zealand vs Namibia,"Sharjah Cricket Stadium, Sharjah",163/4(20 overs),111/7(20 overs),Namibia,New Zealand,New Zealand won by 52 runs,James Neesham
214,37,11-05-21,Super 12 Group 2,India vs Scotland,"Dubai InterNationalCricket Stadium, Dubai",89/2(6.3 overs),85(17.4 overs),Scotland,India,India won by 8 wickets,Ravindra Jadeja
215,38,11-06-21,Super 12 Group 1,Australia vs West Indies,"Sheikh Zayed Stadium, Abu Dhabi",161/2(16.2 overs),157/7(20 overs),West Indies,Australia,Australia won by 8 wickets,David Warner
216,39,11-06-21,Super 12 Group 1,England vs South Africa,"Sharjah Cricket Stadium, Sharjah",189/2(20 overs),179/8(20 overs),England,South Africa,South Africa won by 10 runs,Rassie van der Dussen
217,40,11-07-21,Super 12 Group 2,New Zealand vs Afghanistan,"Sheikh Zayed Stadium, Abu Dhabi",125/2(18.1 overs),124/8(20 overs),Afghanistan,New Zealand,New Zealand won by 8 wickets,Trent Boult
218,41,11-07-21,Super 12 Group 2,Pakistan vs Scotland,"Sharjah Cricket Stadium, Sharjah",189/4(20 overs),117/6(20 overs),Scotland,Pakistan,Pakistan won by 72 runs,Shoaib Malik
219,42,11-08-21,Super 12 Group 2,India vs Namibia,"Dubai InterNationalCricket Stadium, Dubai",136/1(15.2 overs),132/8(20 overs),Namibia,India,India won by 9 wickets,Ravindra Jadeja
220,43,11-10-21,1st Semi Final,England vs New Zealand,"Sheikh Zayed Stadium, Abu Dhabi",167/5(19 overs),166/4(20 overs),England,New Zealand,New Zealand won by 5 wickets,Daryl Mitchell
221,44,11-11-21,2nd Semi Final,Pakistan vs Australia,"Dubai InterNationalCricket Stadium, Dubai",177/5(19 overs),176/4(20 overs),Pakistan,Australia,Australia won by 5 wickets,Matthew Wade
222,45,14-11-21,Final,New Zealand vs Australia,"Dubai InterNationalCricket Stadium, Dubai",173/2(18.5 overs),172/4(20 overs),New Zealand,Australia,Australia won by 8 wickets,Mitchell Marsh
